name,url,description,test_type,adaptive_support,remote_support,duration,full_text,keywords
Java Programming,https://www.shl.com/solutions/products/product-catalog/view/java-8-new/,"Advanced Java programming assessment covering OOP, data structures, and algorithms",Knowledge & Skills (K),Yes,Yes,60,"Java Programming. Advanced Java programming assessment covering OOP, data structures, and algorithms. Test type: Knowledge & Skills (K). Duration: 60 minutes.","java programming. advanced java programming assessment covering oop, data structures, and algorithms. test type: knowledge & skills (k). duration: 60 minutes."
Python Programming,https://www.shl.com/solutions/products/product-catalog/view/python-new/,"Comprehensive Python assessment including libraries, frameworks, and best practices",Knowledge & Skills (K),Yes,Yes,45,"Python Programming. Comprehensive Python assessment including libraries, frameworks, and best practices. Test type: Knowledge & Skills (K). Duration: 45 minutes.","python programming. comprehensive python assessment including libraries, frameworks, and best practices. test type: knowledge & skills (k). duration: 45 minutes."
JavaScript Development,https://www.shl.com/solutions/products/product-catalog/view/javascript-new/,"Modern JavaScript including ES6+, async programming, and frameworks",Knowledge & Skills (K),Yes,Yes,50,"JavaScript Development. Modern JavaScript including ES6+, async programming, and frameworks. Test type: Knowledge & Skills (K). Duration: 50 minutes.","javascript development. modern javascript including es6+, async programming, and frameworks. test type: knowledge & skills (k). duration: 50 minutes."
C++ Programming,https://www.shl.com/solutions/products/product-catalog/c++-programming/,"C++ assessment covering memory management, STL, and advanced concepts",Knowledge & Skills (K),Yes,Yes,60,"C++ Programming. C++ assessment covering memory management, STL, and advanced concepts. Test type: Knowledge & Skills (K). Duration: 60 minutes.","c++ programming. c++ assessment covering memory management, stl, and advanced concepts. test type: knowledge & skills (k). duration: 60 minutes."
SQL Database Skills,https://www.shl.com/solutions/products/product-catalog/view/sql-server-new/,"SQL querying, database design, optimization, and transaction management",Knowledge & Skills (K),Yes,Yes,40,"SQL Database Skills. SQL querying, database design, optimization, and transaction management. Test type: Knowledge & Skills (K). Duration: 40 minutes.","sql database skills. sql querying, database design, optimization, and transaction management. test type: knowledge & skills (k). duration: 40 minutes."
React Development,https://www.shl.com/solutions/products/product-catalog/react-development/,"React.js assessment including hooks, state management, and component design",Knowledge & Skills (K),Yes,Yes,45,"React Development. React.js assessment including hooks, state management, and component design. Test type: Knowledge & Skills (K). Duration: 45 minutes.","react development. react.js assessment including hooks, state management, and component design. test type: knowledge & skills (k). duration: 45 minutes."
Node.js Backend,https://www.shl.com/solutions/products/product-catalog/nodejs-backend/,"Node.js server-side development, Express, APIs, and async patterns",Knowledge & Skills (K),Yes,Yes,50,"Node.js Backend. Node.js server-side development, Express, APIs, and async patterns. Test type: Knowledge & Skills (K). Duration: 50 minutes.","node.js backend. node.js server-side development, express, apis, and async patterns. test type: knowledge & skills (k). duration: 50 minutes."
Angular Framework,https://www.shl.com/solutions/products/product-catalog/angular-framework/,"Angular framework assessment with TypeScript, RxJS, and architecture",Knowledge & Skills (K),Yes,Yes,45,"Angular Framework. Angular framework assessment with TypeScript, RxJS, and architecture. Test type: Knowledge & Skills (K). Duration: 45 minutes.","angular framework. angular framework assessment with typescript, rxjs, and architecture. test type: knowledge & skills (k). duration: 45 minutes."
.NET Development,https://www.shl.com/solutions/products/product-catalog/net-development/,"C# and .NET framework including ASP.NET, Entity Framework, and LINQ",Knowledge & Skills (K),Yes,Yes,55,".NET Development. C# and .NET framework including ASP.NET, Entity Framework, and LINQ. Test type: Knowledge & Skills (K). Duration: 55 minutes.",".net development. c# and .net framework including asp.net, entity framework, and linq. test type: knowledge & skills (k). duration: 55 minutes."
Data Structures & Algorithms,https://www.shl.com/solutions/products/product-catalog/data-structures-and-algorithms/,Fundamental and advanced data structures and algorithmic problem solving,Knowledge & Skills (K),Yes,Yes,60,Data Structures & Algorithms. Fundamental and advanced data structures and algorithmic problem solving. Test type: Knowledge & Skills (K). Duration: 60 minutes.,data structures & algorithms. fundamental and advanced data structures and algorithmic problem solving. test type: knowledge & skills (k). duration: 60 minutes.
System Design,https://www.shl.com/solutions/products/product-catalog/system-design/,"Scalable system architecture, distributed systems, and design patterns",Knowledge & Skills (K),Yes,Yes,90,"System Design. Scalable system architecture, distributed systems, and design patterns. Test type: Knowledge & Skills (K). Duration: 90 minutes.","system design. scalable system architecture, distributed systems, and design patterns. test type: knowledge & skills (k). duration: 90 minutes."
DevOps Practices,https://www.shl.com/solutions/products/product-catalog/devops-practices/,"CI/CD, containerization, orchestration, and infrastructure as code",Knowledge & Skills (K),Yes,Yes,50,"DevOps Practices. CI/CD, containerization, orchestration, and infrastructure as code. Test type: Knowledge & Skills (K). Duration: 50 minutes.","devops practices. ci/cd, containerization, orchestration, and infrastructure as code. test type: knowledge & skills (k). duration: 50 minutes."
Cloud Computing - AWS,https://www.shl.com/solutions/products/product-catalog/cloud-computing---aws/,"AWS services, architecture, security, and best practices",Knowledge & Skills (K),Yes,Yes,60,"Cloud Computing - AWS. AWS services, architecture, security, and best practices. Test type: Knowledge & Skills (K). Duration: 60 minutes.","cloud computing - aws. aws services, architecture, security, and best practices. test type: knowledge & skills (k). duration: 60 minutes."
Cloud Computing - Azure,https://www.shl.com/solutions/products/product-catalog/cloud-computing---azure/,"Microsoft Azure services, solutions, and cloud architecture",Knowledge & Skills (K),Yes,Yes,60,"Cloud Computing - Azure. Microsoft Azure services, solutions, and cloud architecture. Test type: Knowledge & Skills (K). Duration: 60 minutes.","cloud computing - azure. microsoft azure services, solutions, and cloud architecture. test type: knowledge & skills (k). duration: 60 minutes."
Cybersecurity Fundamentals,https://www.shl.com/solutions/products/product-catalog/cybersecurity-fundamentals/,"Security principles, threat analysis, encryption, and secure coding",Knowledge & Skills (K),Yes,Yes,55,"Cybersecurity Fundamentals. Security principles, threat analysis, encryption, and secure coding. Test type: Knowledge & Skills (K). Duration: 55 minutes.","cybersecurity fundamentals. security principles, threat analysis, encryption, and secure coding. test type: knowledge & skills (k). duration: 55 minutes."
Network Security,https://www.shl.com/solutions/products/product-catalog/network-security/,"Network protocols, firewalls, intrusion detection, and security assessment",Knowledge & Skills (K),Yes,Yes,50,"Network Security. Network protocols, firewalls, intrusion detection, and security assessment. Test type: Knowledge & Skills (K). Duration: 50 minutes.","network security. network protocols, firewalls, intrusion detection, and security assessment. test type: knowledge & skills (k). duration: 50 minutes."
Machine Learning,https://www.shl.com/solutions/products/product-catalog/machine-learning/,"ML algorithms, model training, evaluation, and practical applications",Knowledge & Skills (K),Yes,Yes,70,"Machine Learning. ML algorithms, model training, evaluation, and practical applications. Test type: Knowledge & Skills (K). Duration: 70 minutes.","machine learning. ml algorithms, model training, evaluation, and practical applications. test type: knowledge & skills (k). duration: 70 minutes."
Data Science,https://www.shl.com/solutions/products/product-catalog/view/data-warehousing-concepts/,"Statistical analysis, data processing, visualization, and insights",Knowledge & Skills (K),Yes,Yes,65,"Data Science. Statistical analysis, data processing, visualization, and insights. Test type: Knowledge & Skills (K). Duration: 65 minutes.","data science. statistical analysis, data processing, visualization, and insights. test type: knowledge & skills (k). duration: 65 minutes."
Artificial Intelligence,https://www.shl.com/solutions/products/product-catalog/artificial-intelligence/,"AI concepts, neural networks, deep learning, and applications",Knowledge & Skills (K),Yes,Yes,75,"Artificial Intelligence. AI concepts, neural networks, deep learning, and applications. Test type: Knowledge & Skills (K). Duration: 75 minutes.","artificial intelligence. ai concepts, neural networks, deep learning, and applications. test type: knowledge & skills (k). duration: 75 minutes."
Big Data Technologies,https://www.shl.com/solutions/products/product-catalog/big-data-technologies/,"Hadoop, Spark, data pipelines, and distributed processing",Knowledge & Skills (K),Yes,Yes,60,"Big Data Technologies. Hadoop, Spark, data pipelines, and distributed processing. Test type: Knowledge & Skills (K). Duration: 60 minutes.","big data technologies. hadoop, spark, data pipelines, and distributed processing. test type: knowledge & skills (k). duration: 60 minutes."
Mobile Development - iOS,https://www.shl.com/solutions/products/product-catalog/mobile-development---ios/,"Swift, iOS frameworks, UI design, and app architecture",Knowledge & Skills (K),Yes,Yes,55,"Mobile Development - iOS. Swift, iOS frameworks, UI design, and app architecture. Test type: Knowledge & Skills (K). Duration: 55 minutes.","mobile development - ios. swift, ios frameworks, ui design, and app architecture. test type: knowledge & skills (k). duration: 55 minutes."
Mobile Development - Android,https://www.shl.com/solutions/products/product-catalog/mobile-development---android/,"Kotlin/Java, Android SDK, architecture components, and best practices",Knowledge & Skills (K),Yes,Yes,55,"Mobile Development - Android. Kotlin/Java, Android SDK, architecture components, and best practices. Test type: Knowledge & Skills (K). Duration: 55 minutes.","mobile development - android. kotlin/java, android sdk, architecture components, and best practices. test type: knowledge & skills (k). duration: 55 minutes."
Web Development Full Stack,https://www.shl.com/solutions/products/product-catalog/web-development-full-stack/,"End-to-end web development including frontend, backend, and databases",Knowledge & Skills (K),Yes,Yes,70,"Web Development Full Stack. End-to-end web development including frontend, backend, and databases. Test type: Knowledge & Skills (K). Duration: 70 minutes.","web development full stack. end-to-end web development including frontend, backend, and databases. test type: knowledge & skills (k). duration: 70 minutes."
API Development & Integration,https://www.shl.com/solutions/products/product-catalog/api-development-and-integration/,"RESTful APIs, GraphQL, authentication, and integration patterns",Knowledge & Skills (K),Yes,Yes,45,"API Development & Integration. RESTful APIs, GraphQL, authentication, and integration patterns. Test type: Knowledge & Skills (K). Duration: 45 minutes.","api development & integration. restful apis, graphql, authentication, and integration patterns. test type: knowledge & skills (k). duration: 45 minutes."
Microservices Architecture,https://www.shl.com/solutions/products/product-catalog/microservices-architecture/,"Microservices design, communication patterns, and distributed systems",Knowledge & Skills (K),Yes,Yes,60,"Microservices Architecture. Microservices design, communication patterns, and distributed systems. Test type: Knowledge & Skills (K). Duration: 60 minutes.","microservices architecture. microservices design, communication patterns, and distributed systems. test type: knowledge & skills (k). duration: 60 minutes."
Docker & Kubernetes,https://www.shl.com/solutions/products/product-catalog/docker-and-kubernetes/,"Containerization, orchestration, deployment, and management",Knowledge & Skills (K),Yes,Yes,50,"Docker & Kubernetes. Containerization, orchestration, deployment, and management. Test type: Knowledge & Skills (K). Duration: 50 minutes.","docker & kubernetes. containerization, orchestration, deployment, and management. test type: knowledge & skills (k). duration: 50 minutes."
Git Version Control,https://www.shl.com/solutions/products/product-catalog/git-version-control/,"Git workflows, branching strategies, collaboration, and best practices",Knowledge & Skills (K),Yes,Yes,30,"Git Version Control. Git workflows, branching strategies, collaboration, and best practices. Test type: Knowledge & Skills (K). Duration: 30 minutes.","git version control. git workflows, branching strategies, collaboration, and best practices. test type: knowledge & skills (k). duration: 30 minutes."
Agile & Scrum,https://www.shl.com/solutions/products/product-catalog/agile-and-scrum/,"Agile methodologies, Scrum framework, and team collaboration",Knowledge & Skills (K),Yes,Yes,40,"Agile & Scrum. Agile methodologies, Scrum framework, and team collaboration. Test type: Knowledge & Skills (K). Duration: 40 minutes.","agile & scrum. agile methodologies, scrum framework, and team collaboration. test type: knowledge & skills (k). duration: 40 minutes."
Software Testing,https://www.shl.com/solutions/products/product-catalog/software-testing/,"Testing strategies, automation, TDD, BDD, and quality assurance",Knowledge & Skills (K),Yes,Yes,50,"Software Testing. Testing strategies, automation, TDD, BDD, and quality assurance. Test type: Knowledge & Skills (K). Duration: 50 minutes.","software testing. testing strategies, automation, tdd, bdd, and quality assurance. test type: knowledge & skills (k). duration: 50 minutes."
Database Administration,https://www.shl.com/solutions/products/product-catalog/database-administration/,"Database management, optimization, backup, recovery, and security",Knowledge & Skills (K),Yes,Yes,55,"Database Administration. Database management, optimization, backup, recovery, and security. Test type: Knowledge & Skills (K). Duration: 55 minutes.","database administration. database management, optimization, backup, recovery, and security. test type: knowledge & skills (k). duration: 55 minutes."
HTML5 & CSS3,https://www.shl.com/solutions/products/product-catalog/html5-and-css3/,Modern web markup and styling including responsive design,Knowledge & Skills (K),Yes,Yes,35,HTML5 & CSS3. Modern web markup and styling including responsive design. Test type: Knowledge & Skills (K). Duration: 35 minutes.,html5 & css3. modern web markup and styling including responsive design. test type: knowledge & skills (k). duration: 35 minutes.
TypeScript,https://www.shl.com/solutions/products/product-catalog/typescript/,"TypeScript language features, types, interfaces, and advanced patterns",Knowledge & Skills (K),Yes,Yes,40,"TypeScript. TypeScript language features, types, interfaces, and advanced patterns. Test type: Knowledge & Skills (K). Duration: 40 minutes.","typescript. typescript language features, types, interfaces, and advanced patterns. test type: knowledge & skills (k). duration: 40 minutes."
PHP Development,https://www.shl.com/solutions/products/product-catalog/php-development/,"PHP programming, frameworks, and web application development",Knowledge & Skills (K),Yes,Yes,45,"PHP Development. PHP programming, frameworks, and web application development. Test type: Knowledge & Skills (K). Duration: 45 minutes.","php development. php programming, frameworks, and web application development. test type: knowledge & skills (k). duration: 45 minutes."
Ruby Programming,https://www.shl.com/solutions/products/product-catalog/ruby-programming/,Ruby language and Rails framework assessment,Knowledge & Skills (K),Yes,Yes,45,Ruby Programming. Ruby language and Rails framework assessment. Test type: Knowledge & Skills (K). Duration: 45 minutes.,ruby programming. ruby language and rails framework assessment. test type: knowledge & skills (k). duration: 45 minutes.
Go Programming,https://www.shl.com/solutions/products/product-catalog/go-programming/,"Go language fundamentals, concurrency, and system programming",Knowledge & Skills (K),Yes,Yes,45,"Go Programming. Go language fundamentals, concurrency, and system programming. Test type: Knowledge & Skills (K). Duration: 45 minutes.","go programming. go language fundamentals, concurrency, and system programming. test type: knowledge & skills (k). duration: 45 minutes."
Rust Programming,https://www.shl.com/solutions/products/product-catalog/rust-programming/,"Rust systems programming, ownership, safety, and performance",Knowledge & Skills (K),Yes,Yes,50,"Rust Programming. Rust systems programming, ownership, safety, and performance. Test type: Knowledge & Skills (K). Duration: 50 minutes.","rust programming. rust systems programming, ownership, safety, and performance. test type: knowledge & skills (k). duration: 50 minutes."
Scala Programming,https://www.shl.com/solutions/products/product-catalog/scala-programming/,Scala functional and object-oriented programming,Knowledge & Skills (K),Yes,Yes,50,Scala Programming. Scala functional and object-oriented programming. Test type: Knowledge & Skills (K). Duration: 50 minutes.,scala programming. scala functional and object-oriented programming. test type: knowledge & skills (k). duration: 50 minutes.
R Programming,https://www.shl.com/solutions/products/product-catalog/r-programming/,R for statistical computing and data analysis,Knowledge & Skills (K),Yes,Yes,45,R Programming. R for statistical computing and data analysis. Test type: Knowledge & Skills (K). Duration: 45 minutes.,r programming. r for statistical computing and data analysis. test type: knowledge & skills (k). duration: 45 minutes.
MATLAB,https://www.shl.com/solutions/products/product-catalog/matlab/,MATLAB programming for numerical computing and analysis,Knowledge & Skills (K),Yes,Yes,40,MATLAB. MATLAB programming for numerical computing and analysis. Test type: Knowledge & Skills (K). Duration: 40 minutes.,matlab. matlab programming for numerical computing and analysis. test type: knowledge & skills (k). duration: 40 minutes.
SAP Systems,https://www.shl.com/solutions/products/product-catalog/sap-systems/,SAP ERP system knowledge and configuration,Knowledge & Skills (K),Yes,Yes,60,SAP Systems. SAP ERP system knowledge and configuration. Test type: Knowledge & Skills (K). Duration: 60 minutes.,sap systems. sap erp system knowledge and configuration. test type: knowledge & skills (k). duration: 60 minutes.
Salesforce Administration,https://www.shl.com/solutions/products/product-catalog/salesforce-administration/,Salesforce CRM administration and customization,Knowledge & Skills (K),Yes,Yes,50,Salesforce Administration. Salesforce CRM administration and customization. Test type: Knowledge & Skills (K). Duration: 50 minutes.,salesforce administration. salesforce crm administration and customization. test type: knowledge & skills (k). duration: 50 minutes.
Tableau,https://www.shl.com/solutions/products/product-catalog/tableau/,Data visualization and dashboard creation with Tableau,Knowledge & Skills (K),Yes,Yes,40,Tableau. Data visualization and dashboard creation with Tableau. Test type: Knowledge & Skills (K). Duration: 40 minutes.,tableau. data visualization and dashboard creation with tableau. test type: knowledge & skills (k). duration: 40 minutes.
Power BI,https://www.shl.com/solutions/products/product-catalog/power-bi/,Microsoft Power BI for business intelligence and analytics,Knowledge & Skills (K),Yes,Yes,40,Power BI. Microsoft Power BI for business intelligence and analytics. Test type: Knowledge & Skills (K). Duration: 40 minutes.,power bi. microsoft power bi for business intelligence and analytics. test type: knowledge & skills (k). duration: 40 minutes.
Excel Advanced,https://www.shl.com/solutions/products/product-catalog/excel-advanced/,"Advanced Excel including macros, VBA, and complex formulas",Knowledge & Skills (K),Yes,Yes,45,"Excel Advanced. Advanced Excel including macros, VBA, and complex formulas. Test type: Knowledge & Skills (K). Duration: 45 minutes.","excel advanced. advanced excel including macros, vba, and complex formulas. test type: knowledge & skills (k). duration: 45 minutes."
Microsoft Word,https://www.shl.com/solutions/products/product-catalog/microsoft-word/,Advanced Word processing and document management,Knowledge & Skills (K),Yes,Yes,30,Microsoft Word. Advanced Word processing and document management. Test type: Knowledge & Skills (K). Duration: 30 minutes.,microsoft word. advanced word processing and document management. test type: knowledge & skills (k). duration: 30 minutes.
Microsoft PowerPoint,https://www.shl.com/solutions/products/product-catalog/microsoft-powerpoint/,Presentation design and advanced PowerPoint features,Knowledge & Skills (K),Yes,Yes,30,Microsoft PowerPoint. Presentation design and advanced PowerPoint features. Test type: Knowledge & Skills (K). Duration: 30 minutes.,microsoft powerpoint. presentation design and advanced powerpoint features. test type: knowledge & skills (k). duration: 30 minutes.
Project Management Software,https://www.shl.com/solutions/products/product-catalog/project-management-software/,"MS Project, Jira, and project management tools",Knowledge & Skills (K),Yes,Yes,35,"Project Management Software. MS Project, Jira, and project management tools. Test type: Knowledge & Skills (K). Duration: 35 minutes.","project management software. ms project, jira, and project management tools. test type: knowledge & skills (k). duration: 35 minutes."
AutoCAD,https://www.shl.com/solutions/products/product-catalog/autocad/,CAD software for technical drawing and design,Knowledge & Skills (K),Yes,Yes,50,AutoCAD. CAD software for technical drawing and design. Test type: Knowledge & Skills (K). Duration: 50 minutes.,autocad. cad software for technical drawing and design. test type: knowledge & skills (k). duration: 50 minutes.
SolidWorks,https://www.shl.com/solutions/products/product-catalog/solidworks/,3D CAD modeling and engineering design,Knowledge & Skills (K),Yes,Yes,50,SolidWorks. 3D CAD modeling and engineering design. Test type: Knowledge & Skills (K). Duration: 50 minutes.,solidworks. 3d cad modeling and engineering design. test type: knowledge & skills (k). duration: 50 minutes.
Adobe Photoshop,https://www.shl.com/solutions/products/product-catalog/adobe-photoshop/,Image editing and graphic design with Photoshop,Knowledge & Skills (K),Yes,Yes,40,Adobe Photoshop. Image editing and graphic design with Photoshop. Test type: Knowledge & Skills (K). Duration: 40 minutes.,adobe photoshop. image editing and graphic design with photoshop. test type: knowledge & skills (k). duration: 40 minutes.
Adobe Illustrator,https://www.shl.com/solutions/products/product-catalog/adobe-illustrator/,Vector graphics and illustration design,Knowledge & Skills (K),Yes,Yes,40,Adobe Illustrator. Vector graphics and illustration design. Test type: Knowledge & Skills (K). Duration: 40 minutes.,adobe illustrator. vector graphics and illustration design. test type: knowledge & skills (k). duration: 40 minutes.
Video Editing,https://www.shl.com/solutions/products/product-catalog/video-editing/,Video editing software and post-production skills,Knowledge & Skills (K),Yes,Yes,45,Video Editing. Video editing software and post-production skills. Test type: Knowledge & Skills (K). Duration: 45 minutes.,video editing. video editing software and post-production skills. test type: knowledge & skills (k). duration: 45 minutes.
UI/UX Design,https://www.shl.com/solutions/products/product-catalog/ui-ux-design/,User interface and experience design principles,Knowledge & Skills (K),Yes,Yes,50,UI/UX Design. User interface and experience design principles. Test type: Knowledge & Skills (K). Duration: 50 minutes.,ui/ux design. user interface and experience design principles. test type: knowledge & skills (k). duration: 50 minutes.
Graphic Design,https://www.shl.com/solutions/products/product-catalog/graphic-design/,"Visual design principles, typography, and composition",Knowledge & Skills (K),Yes,Yes,45,"Graphic Design. Visual design principles, typography, and composition. Test type: Knowledge & Skills (K). Duration: 45 minutes.","graphic design. visual design principles, typography, and composition. test type: knowledge & skills (k). duration: 45 minutes."
Digital Marketing,https://www.shl.com/solutions/products/product-catalog/view/marketing-new/,"Online marketing strategies, SEO, SEM, and analytics",Knowledge & Skills (K),Yes,Yes,50,"Digital Marketing. Online marketing strategies, SEO, SEM, and analytics. Test type: Knowledge & Skills (K). Duration: 50 minutes.","digital marketing. online marketing strategies, seo, sem, and analytics. test type: knowledge & skills (k). duration: 50 minutes."
Content Marketing,https://www.shl.com/solutions/products/product-catalog/view/digital-advertising-new/,"Content strategy, creation, and distribution",Knowledge & Skills (K),Yes,Yes,40,"Content Marketing. Content strategy, creation, and distribution. Test type: Knowledge & Skills (K). Duration: 40 minutes.","content marketing. content strategy, creation, and distribution. test type: knowledge & skills (k). duration: 40 minutes."
Social Media Marketing,https://www.shl.com/solutions/products/product-catalog/social-media-marketing/,Social media strategy and platform management,Knowledge & Skills (K),Yes,Yes,35,Social Media Marketing. Social media strategy and platform management. Test type: Knowledge & Skills (K). Duration: 35 minutes.,social media marketing. social media strategy and platform management. test type: knowledge & skills (k). duration: 35 minutes.
Email Marketing,https://www.shl.com/solutions/products/product-catalog/email-marketing/,"Email campaign design, automation, and optimization",Knowledge & Skills (K),Yes,Yes,35,"Email Marketing. Email campaign design, automation, and optimization. Test type: Knowledge & Skills (K). Duration: 35 minutes.","email marketing. email campaign design, automation, and optimization. test type: knowledge & skills (k). duration: 35 minutes."
Google Analytics,https://www.shl.com/solutions/products/product-catalog/google-analytics/,"Web analytics, tracking, and data interpretation",Knowledge & Skills (K),Yes,Yes,40,"Google Analytics. Web analytics, tracking, and data interpretation. Test type: Knowledge & Skills (K). Duration: 40 minutes.","google analytics. web analytics, tracking, and data interpretation. test type: knowledge & skills (k). duration: 40 minutes."
SEO Optimization,https://www.shl.com/solutions/products/product-catalog/view/search-engine-optimization-new/,Search engine optimization techniques and strategies,Knowledge & Skills (K),Yes,Yes,40,SEO Optimization. Search engine optimization techniques and strategies. Test type: Knowledge & Skills (K). Duration: 40 minutes.,seo optimization. search engine optimization techniques and strategies. test type: knowledge & skills (k). duration: 40 minutes.
Financial Analysis,https://www.shl.com/solutions/products/product-catalog/view/financial-professional-short-form/,"Financial statement analysis, ratios, and valuation",Knowledge & Skills (K),Yes,Yes,55,"Financial Analysis. Financial statement analysis, ratios, and valuation. Test type: Knowledge & Skills (K). Duration: 55 minutes.","financial analysis. financial statement analysis, ratios, and valuation. test type: knowledge & skills (k). duration: 55 minutes."
Accounting Principles,https://www.shl.com/solutions/products/product-catalog/accounting-principles/,"GAAP, financial accounting, and reporting",Knowledge & Skills (K),Yes,Yes,50,"Accounting Principles. GAAP, financial accounting, and reporting. Test type: Knowledge & Skills (K). Duration: 50 minutes.","accounting principles. gaap, financial accounting, and reporting. test type: knowledge & skills (k). duration: 50 minutes."
Managerial Accounting,https://www.shl.com/solutions/products/product-catalog/managerial-accounting/,"Cost accounting, budgeting, and decision-making",Knowledge & Skills (K),Yes,Yes,50,"Managerial Accounting. Cost accounting, budgeting, and decision-making. Test type: Knowledge & Skills (K). Duration: 50 minutes.","managerial accounting. cost accounting, budgeting, and decision-making. test type: knowledge & skills (k). duration: 50 minutes."
Investment Analysis,https://www.shl.com/solutions/products/product-catalog/investment-analysis/,"Portfolio management, securities analysis, and valuation",Knowledge & Skills (K),Yes,Yes,60,"Investment Analysis. Portfolio management, securities analysis, and valuation. Test type: Knowledge & Skills (K). Duration: 60 minutes.","investment analysis. portfolio management, securities analysis, and valuation. test type: knowledge & skills (k). duration: 60 minutes."
Risk Management,https://www.shl.com/solutions/products/product-catalog/risk-management/,Financial risk assessment and mitigation strategies,Knowledge & Skills (K),Yes,Yes,50,Risk Management. Financial risk assessment and mitigation strategies. Test type: Knowledge & Skills (K). Duration: 50 minutes.,risk management. financial risk assessment and mitigation strategies. test type: knowledge & skills (k). duration: 50 minutes.
Corporate Finance,https://www.shl.com/solutions/products/product-catalog/corporate-finance/,"Capital structure, financing decisions, and valuation",Knowledge & Skills (K),Yes,Yes,55,"Corporate Finance. Capital structure, financing decisions, and valuation. Test type: Knowledge & Skills (K). Duration: 55 minutes.","corporate finance. capital structure, financing decisions, and valuation. test type: knowledge & skills (k). duration: 55 minutes."
Financial Modeling,https://www.shl.com/solutions/products/product-catalog/financial-modeling/,Building financial models and forecasting,Knowledge & Skills (K),Yes,Yes,60,Financial Modeling. Building financial models and forecasting. Test type: Knowledge & Skills (K). Duration: 60 minutes.,financial modeling. building financial models and forecasting. test type: knowledge & skills (k). duration: 60 minutes.
Taxation,https://www.shl.com/solutions/products/product-catalog/taxation/,"Tax principles, planning, and compliance",Knowledge & Skills (K),Yes,Yes,50,"Taxation. Tax principles, planning, and compliance. Test type: Knowledge & Skills (K). Duration: 50 minutes.","taxation. tax principles, planning, and compliance. test type: knowledge & skills (k). duration: 50 minutes."
Auditing,https://www.shl.com/solutions/products/product-catalog/auditing/,"Audit procedures, standards, and internal controls",Knowledge & Skills (K),Yes,Yes,55,"Auditing. Audit procedures, standards, and internal controls. Test type: Knowledge & Skills (K). Duration: 55 minutes.","auditing. audit procedures, standards, and internal controls. test type: knowledge & skills (k). duration: 55 minutes."
Business Strategy,https://www.shl.com/solutions/products/product-catalog/business-strategy/,"Strategic planning, analysis, and execution",Knowledge & Skills (K),Yes,Yes,60,"Business Strategy. Strategic planning, analysis, and execution. Test type: Knowledge & Skills (K). Duration: 60 minutes.","business strategy. strategic planning, analysis, and execution. test type: knowledge & skills (k). duration: 60 minutes."
Market Research,https://www.shl.com/solutions/products/product-catalog/market-research/,"Research methodologies, analysis, and insights",Knowledge & Skills (K),Yes,Yes,45,"Market Research. Research methodologies, analysis, and insights. Test type: Knowledge & Skills (K). Duration: 45 minutes.","market research. research methodologies, analysis, and insights. test type: knowledge & skills (k). duration: 45 minutes."
Supply Chain Management,https://www.shl.com/solutions/products/product-catalog/supply-chain-management/,"Logistics, inventory, and supply chain optimization",Knowledge & Skills (K),Yes,Yes,50,"Supply Chain Management. Logistics, inventory, and supply chain optimization. Test type: Knowledge & Skills (K). Duration: 50 minutes.","supply chain management. logistics, inventory, and supply chain optimization. test type: knowledge & skills (k). duration: 50 minutes."
Operations Management,https://www.shl.com/solutions/products/product-catalog/operations-management/,"Process optimization, quality control, and efficiency",Knowledge & Skills (K),Yes,Yes,50,"Operations Management. Process optimization, quality control, and efficiency. Test type: Knowledge & Skills (K). Duration: 50 minutes.","operations management. process optimization, quality control, and efficiency. test type: knowledge & skills (k). duration: 50 minutes."
Procurement,https://www.shl.com/solutions/products/product-catalog/procurement/,"Purchasing, vendor management, and negotiation",Knowledge & Skills (K),Yes,Yes,40,"Procurement. Purchasing, vendor management, and negotiation. Test type: Knowledge & Skills (K). Duration: 40 minutes.","procurement. purchasing, vendor management, and negotiation. test type: knowledge & skills (k). duration: 40 minutes."
Business Law,https://www.shl.com/solutions/products/product-catalog/business-law/,"Contract law, business regulations, and compliance",Knowledge & Skills (K),Yes,Yes,50,"Business Law. Contract law, business regulations, and compliance. Test type: Knowledge & Skills (K). Duration: 50 minutes.","business law. contract law, business regulations, and compliance. test type: knowledge & skills (k). duration: 50 minutes."
Economics,https://www.shl.com/solutions/products/product-catalog/economics/,Micro and macroeconomics principles and analysis,Knowledge & Skills (K),Yes,Yes,50,Economics. Micro and macroeconomics principles and analysis. Test type: Knowledge & Skills (K). Duration: 50 minutes.,economics. micro and macroeconomics principles and analysis. test type: knowledge & skills (k). duration: 50 minutes.
Statistics,https://www.shl.com/solutions/products/product-catalog/statistics/,"Statistical methods, hypothesis testing, and inference",Knowledge & Skills (K),Yes,Yes,50,"Statistics. Statistical methods, hypothesis testing, and inference. Test type: Knowledge & Skills (K). Duration: 50 minutes.","statistics. statistical methods, hypothesis testing, and inference. test type: knowledge & skills (k). duration: 50 minutes."
Business Analytics,https://www.shl.com/solutions/products/product-catalog/business-analytics/,Data-driven decision making and analytical methods,Knowledge & Skills (K),Yes,Yes,55,Business Analytics. Data-driven decision making and analytical methods. Test type: Knowledge & Skills (K). Duration: 55 minutes.,business analytics. data-driven decision making and analytical methods. test type: knowledge & skills (k). duration: 55 minutes.
Econometrics,https://www.shl.com/solutions/products/product-catalog/econometrics/,Statistical analysis of economic data,Knowledge & Skills (K),Yes,Yes,55,Econometrics. Statistical analysis of economic data. Test type: Knowledge & Skills (K). Duration: 55 minutes.,econometrics. statistical analysis of economic data. test type: knowledge & skills (k). duration: 55 minutes.
Quantitative Methods,https://www.shl.com/solutions/products/product-catalog/quantitative-methods/,Mathematical and statistical modeling,Knowledge & Skills (K),Yes,Yes,50,Quantitative Methods. Mathematical and statistical modeling. Test type: Knowledge & Skills (K). Duration: 50 minutes.,quantitative methods. mathematical and statistical modeling. test type: knowledge & skills (k). duration: 50 minutes.
Mechanical Engineering,https://www.shl.com/solutions/products/product-catalog/mechanical-engineering/,"Mechanics, thermodynamics, and mechanical design",Knowledge & Skills (K),Yes,Yes,60,"Mechanical Engineering. Mechanics, thermodynamics, and mechanical design. Test type: Knowledge & Skills (K). Duration: 60 minutes.","mechanical engineering. mechanics, thermodynamics, and mechanical design. test type: knowledge & skills (k). duration: 60 minutes."
Electrical Engineering,https://www.shl.com/solutions/products/product-catalog/electrical-engineering/,"Circuit analysis, electronics, and electrical systems",Knowledge & Skills (K),Yes,Yes,60,"Electrical Engineering. Circuit analysis, electronics, and electrical systems. Test type: Knowledge & Skills (K). Duration: 60 minutes.","electrical engineering. circuit analysis, electronics, and electrical systems. test type: knowledge & skills (k). duration: 60 minutes."
Civil Engineering,https://www.shl.com/solutions/products/product-catalog/civil-engineering/,"Structural analysis, construction, and infrastructure",Knowledge & Skills (K),Yes,Yes,60,"Civil Engineering. Structural analysis, construction, and infrastructure. Test type: Knowledge & Skills (K). Duration: 60 minutes.","civil engineering. structural analysis, construction, and infrastructure. test type: knowledge & skills (k). duration: 60 minutes."
Chemical Engineering,https://www.shl.com/solutions/products/product-catalog/chemical-engineering/,"Process engineering, thermodynamics, and reactions",Knowledge & Skills (K),Yes,Yes,60,"Chemical Engineering. Process engineering, thermodynamics, and reactions. Test type: Knowledge & Skills (K). Duration: 60 minutes.","chemical engineering. process engineering, thermodynamics, and reactions. test type: knowledge & skills (k). duration: 60 minutes."
Industrial Engineering,https://www.shl.com/solutions/products/product-catalog/industrial-engineering/,"Process optimization, systems engineering, and efficiency",Knowledge & Skills (K),Yes,Yes,55,"Industrial Engineering. Process optimization, systems engineering, and efficiency. Test type: Knowledge & Skills (K). Duration: 55 minutes.","industrial engineering. process optimization, systems engineering, and efficiency. test type: knowledge & skills (k). duration: 55 minutes."
Aerospace Engineering,https://www.shl.com/solutions/products/product-catalog/aerospace-engineering/,"Aerodynamics, structures, and aerospace systems",Knowledge & Skills (K),Yes,Yes,65,"Aerospace Engineering. Aerodynamics, structures, and aerospace systems. Test type: Knowledge & Skills (K). Duration: 65 minutes.","aerospace engineering. aerodynamics, structures, and aerospace systems. test type: knowledge & skills (k). duration: 65 minutes."
Biomedical Engineering,https://www.shl.com/solutions/products/product-catalog/biomedical-engineering/,"Medical devices, biomechanics, and healthcare systems",Knowledge & Skills (K),Yes,Yes,60,"Biomedical Engineering. Medical devices, biomechanics, and healthcare systems. Test type: Knowledge & Skills (K). Duration: 60 minutes.","biomedical engineering. medical devices, biomechanics, and healthcare systems. test type: knowledge & skills (k). duration: 60 minutes."
Environmental Engineering,https://www.shl.com/solutions/products/product-catalog/environmental-engineering/,"Environmental systems, pollution control, and sustainability",Knowledge & Skills (K),Yes,Yes,55,"Environmental Engineering. Environmental systems, pollution control, and sustainability. Test type: Knowledge & Skills (K). Duration: 55 minutes.","environmental engineering. environmental systems, pollution control, and sustainability. test type: knowledge & skills (k). duration: 55 minutes."
Materials Science,https://www.shl.com/solutions/products/product-catalog/materials-science/,"Material properties, testing, and selection",Knowledge & Skills (K),Yes,Yes,50,"Materials Science. Material properties, testing, and selection. Test type: Knowledge & Skills (K). Duration: 50 minutes.","materials science. material properties, testing, and selection. test type: knowledge & skills (k). duration: 50 minutes."
Quality Engineering,https://www.shl.com/solutions/products/product-catalog/quality-engineering/,"Quality systems, Six Sigma, and process improvement",Knowledge & Skills (K),Yes,Yes,50,"Quality Engineering. Quality systems, Six Sigma, and process improvement. Test type: Knowledge & Skills (K). Duration: 50 minutes.","quality engineering. quality systems, six sigma, and process improvement. test type: knowledge & skills (k). duration: 50 minutes."
Biology,https://www.shl.com/solutions/products/product-catalog/biology/,"Cellular biology, genetics, and biological systems",Knowledge & Skills (K),Yes,Yes,50,"Biology. Cellular biology, genetics, and biological systems. Test type: Knowledge & Skills (K). Duration: 50 minutes.","biology. cellular biology, genetics, and biological systems. test type: knowledge & skills (k). duration: 50 minutes."
Chemistry,https://www.shl.com/solutions/products/product-catalog/chemistry/,"Organic, inorganic, and analytical chemistry",Knowledge & Skills (K),Yes,Yes,55,"Chemistry. Organic, inorganic, and analytical chemistry. Test type: Knowledge & Skills (K). Duration: 55 minutes.","chemistry. organic, inorganic, and analytical chemistry. test type: knowledge & skills (k). duration: 55 minutes."
Physics,https://www.shl.com/solutions/products/product-catalog/physics/,Classical and modern physics principles,Knowledge & Skills (K),Yes,Yes,55,Physics. Classical and modern physics principles. Test type: Knowledge & Skills (K). Duration: 55 minutes.,physics. classical and modern physics principles. test type: knowledge & skills (k). duration: 55 minutes.
Biochemistry,https://www.shl.com/solutions/products/product-catalog/biochemistry/,Molecular biology and biochemical processes,Knowledge & Skills (K),Yes,Yes,55,Biochemistry. Molecular biology and biochemical processes. Test type: Knowledge & Skills (K). Duration: 55 minutes.,biochemistry. molecular biology and biochemical processes. test type: knowledge & skills (k). duration: 55 minutes.
Microbiology,https://www.shl.com/solutions/products/product-catalog/microbiology/,"Microorganisms, pathogens, and laboratory techniques",Knowledge & Skills (K),Yes,Yes,50,"Microbiology. Microorganisms, pathogens, and laboratory techniques. Test type: Knowledge & Skills (K). Duration: 50 minutes.","microbiology. microorganisms, pathogens, and laboratory techniques. test type: knowledge & skills (k). duration: 50 minutes."
Pharmacology,https://www.shl.com/solutions/products/product-catalog/pharmacology/,"Drug mechanisms, interactions, and therapeutics",Knowledge & Skills (K),Yes,Yes,55,"Pharmacology. Drug mechanisms, interactions, and therapeutics. Test type: Knowledge & Skills (K). Duration: 55 minutes.","pharmacology. drug mechanisms, interactions, and therapeutics. test type: knowledge & skills (k). duration: 55 minutes."
Biotechnology,https://www.shl.com/solutions/products/product-catalog/biotechnology/,Genetic engineering and biotechnological applications,Knowledge & Skills (K),Yes,Yes,55,Biotechnology. Genetic engineering and biotechnological applications. Test type: Knowledge & Skills (K). Duration: 55 minutes.,biotechnology. genetic engineering and biotechnological applications. test type: knowledge & skills (k). duration: 55 minutes.
Laboratory Techniques,https://www.shl.com/solutions/products/product-catalog/laboratory-techniques/,"Scientific methods, equipment, and procedures",Knowledge & Skills (K),Yes,Yes,45,"Laboratory Techniques. Scientific methods, equipment, and procedures. Test type: Knowledge & Skills (K). Duration: 45 minutes.","laboratory techniques. scientific methods, equipment, and procedures. test type: knowledge & skills (k). duration: 45 minutes."
Research Methodology,https://www.shl.com/solutions/products/product-catalog/research-methodology/,"Experimental design, analysis, and scientific writing",Knowledge & Skills (K),Yes,Yes,50,"Research Methodology. Experimental design, analysis, and scientific writing. Test type: Knowledge & Skills (K). Duration: 50 minutes.","research methodology. experimental design, analysis, and scientific writing. test type: knowledge & skills (k). duration: 50 minutes."
Clinical Research,https://www.shl.com/solutions/products/product-catalog/clinical-research/,"Clinical trial design, ethics, and regulatory compliance",Knowledge & Skills (K),Yes,Yes,55,"Clinical Research. Clinical trial design, ethics, and regulatory compliance. Test type: Knowledge & Skills (K). Duration: 55 minutes.","clinical research. clinical trial design, ethics, and regulatory compliance. test type: knowledge & skills (k). duration: 55 minutes."
Medical Terminology,https://www.shl.com/solutions/products/product-catalog/medical-terminology/,Healthcare vocabulary and anatomical terms,Knowledge & Skills (K),Yes,Yes,40,Medical Terminology. Healthcare vocabulary and anatomical terms. Test type: Knowledge & Skills (K). Duration: 40 minutes.,medical terminology. healthcare vocabulary and anatomical terms. test type: knowledge & skills (k). duration: 40 minutes.
Nursing Knowledge,https://www.shl.com/solutions/products/product-catalog/nursing-knowledge/,"Patient care, pharmacology, and clinical procedures",Knowledge & Skills (K),Yes,Yes,60,"Nursing Knowledge. Patient care, pharmacology, and clinical procedures. Test type: Knowledge & Skills (K). Duration: 60 minutes.","nursing knowledge. patient care, pharmacology, and clinical procedures. test type: knowledge & skills (k). duration: 60 minutes."
Healthcare Administration,https://www.shl.com/solutions/products/product-catalog/healthcare-administration/,"Healthcare systems, policy, and management",Knowledge & Skills (K),Yes,Yes,50,"Healthcare Administration. Healthcare systems, policy, and management. Test type: Knowledge & Skills (K). Duration: 50 minutes.","healthcare administration. healthcare systems, policy, and management. test type: knowledge & skills (k). duration: 50 minutes."
Medical Coding,https://www.shl.com/solutions/products/product-catalog/medical-coding/,"ICD, CPT coding, and medical billing",Knowledge & Skills (K),Yes,Yes,45,"Medical Coding. ICD, CPT coding, and medical billing. Test type: Knowledge & Skills (K). Duration: 45 minutes.","medical coding. icd, cpt coding, and medical billing. test type: knowledge & skills (k). duration: 45 minutes."
Pharmacy,https://www.shl.com/solutions/products/product-catalog/pharmacy/,Pharmaceutical knowledge and dispensing practices,Knowledge & Skills (K),Yes,Yes,55,Pharmacy. Pharmaceutical knowledge and dispensing practices. Test type: Knowledge & Skills (K). Duration: 55 minutes.,pharmacy. pharmaceutical knowledge and dispensing practices. test type: knowledge & skills (k). duration: 55 minutes.
Radiology,https://www.shl.com/solutions/products/product-catalog/radiology/,Imaging techniques and interpretation,Knowledge & Skills (K),Yes,Yes,50,Radiology. Imaging techniques and interpretation. Test type: Knowledge & Skills (K). Duration: 50 minutes.,radiology. imaging techniques and interpretation. test type: knowledge & skills (k). duration: 50 minutes.
Physical Therapy,https://www.shl.com/solutions/products/product-catalog/physical-therapy/,Rehabilitation techniques and therapeutic exercises,Knowledge & Skills (K),Yes,Yes,50,Physical Therapy. Rehabilitation techniques and therapeutic exercises. Test type: Knowledge & Skills (K). Duration: 50 minutes.,physical therapy. rehabilitation techniques and therapeutic exercises. test type: knowledge & skills (k). duration: 50 minutes.
Nutrition,https://www.shl.com/solutions/products/product-catalog/nutrition/,"Dietary principles, assessment, and counseling",Knowledge & Skills (K),Yes,Yes,45,"Nutrition. Dietary principles, assessment, and counseling. Test type: Knowledge & Skills (K). Duration: 45 minutes.","nutrition. dietary principles, assessment, and counseling. test type: knowledge & skills (k). duration: 45 minutes."
Legal Research,https://www.shl.com/solutions/products/product-catalog/legal-research/,"Case law research, legal databases, and analysis",Knowledge & Skills (K),Yes,Yes,50,"Legal Research. Case law research, legal databases, and analysis. Test type: Knowledge & Skills (K). Duration: 50 minutes.","legal research. case law research, legal databases, and analysis. test type: knowledge & skills (k). duration: 50 minutes."
Contract Law,https://www.shl.com/solutions/products/product-catalog/contract-law/,"Contract formation, interpretation, and enforcement",Knowledge & Skills (K),Yes,Yes,55,"Contract Law. Contract formation, interpretation, and enforcement. Test type: Knowledge & Skills (K). Duration: 55 minutes.","contract law. contract formation, interpretation, and enforcement. test type: knowledge & skills (k). duration: 55 minutes."
Criminal Law,https://www.shl.com/solutions/products/product-catalog/criminal-law/,"Criminal procedure, evidence, and substantive law",Knowledge & Skills (K),Yes,Yes,55,"Criminal Law. Criminal procedure, evidence, and substantive law. Test type: Knowledge & Skills (K). Duration: 55 minutes.","criminal law. criminal procedure, evidence, and substantive law. test type: knowledge & skills (k). duration: 55 minutes."
Corporate Law,https://www.shl.com/solutions/products/product-catalog/corporate-law/,"Business entities, governance, and transactions",Knowledge & Skills (K),Yes,Yes,55,"Corporate Law. Business entities, governance, and transactions. Test type: Knowledge & Skills (K). Duration: 55 minutes.","corporate law. business entities, governance, and transactions. test type: knowledge & skills (k). duration: 55 minutes."
Intellectual Property,https://www.shl.com/solutions/products/product-catalog/intellectual-property/,"Patents, trademarks, copyrights, and IP law",Knowledge & Skills (K),Yes,Yes,50,"Intellectual Property. Patents, trademarks, copyrights, and IP law. Test type: Knowledge & Skills (K). Duration: 50 minutes.","intellectual property. patents, trademarks, copyrights, and ip law. test type: knowledge & skills (k). duration: 50 minutes."
Employment Law,https://www.shl.com/solutions/products/product-catalog/employment-law/,"Labor laws, discrimination, and workplace regulations",Knowledge & Skills (K),Yes,Yes,50,"Employment Law. Labor laws, discrimination, and workplace regulations. Test type: Knowledge & Skills (K). Duration: 50 minutes.","employment law. labor laws, discrimination, and workplace regulations. test type: knowledge & skills (k). duration: 50 minutes."
Legal Writing,https://www.shl.com/solutions/products/product-catalog/legal-writing/,"Legal documents, briefs, and professional writing",Knowledge & Skills (K),Yes,Yes,45,"Legal Writing. Legal documents, briefs, and professional writing. Test type: Knowledge & Skills (K). Duration: 45 minutes.","legal writing. legal documents, briefs, and professional writing. test type: knowledge & skills (k). duration: 45 minutes."
English Proficiency,https://www.shl.com/solutions/products/product-catalog/english-proficiency/,"Grammar, vocabulary, and written communication",Knowledge & Skills (K),No,Yes,40,"English Proficiency. Grammar, vocabulary, and written communication. Test type: Knowledge & Skills (K). Duration: 40 minutes.","english proficiency. grammar, vocabulary, and written communication. test type: knowledge & skills (k). duration: 40 minutes."
Spanish Language,https://www.shl.com/solutions/products/product-catalog/spanish-language/,"Spanish grammar, vocabulary, and comprehension",Knowledge & Skills (K),No,Yes,40,"Spanish Language. Spanish grammar, vocabulary, and comprehension. Test type: Knowledge & Skills (K). Duration: 40 minutes.","spanish language. spanish grammar, vocabulary, and comprehension. test type: knowledge & skills (k). duration: 40 minutes."
French Language,https://www.shl.com/solutions/products/product-catalog/french-language/,"French grammar, vocabulary, and comprehension",Knowledge & Skills (K),No,Yes,40,"French Language. French grammar, vocabulary, and comprehension. Test type: Knowledge & Skills (K). Duration: 40 minutes.","french language. french grammar, vocabulary, and comprehension. test type: knowledge & skills (k). duration: 40 minutes."
German Language,https://www.shl.com/solutions/products/product-catalog/german-language/,"German grammar, vocabulary, and comprehension",Knowledge & Skills (K),No,Yes,40,"German Language. German grammar, vocabulary, and comprehension. Test type: Knowledge & Skills (K). Duration: 40 minutes.","german language. german grammar, vocabulary, and comprehension. test type: knowledge & skills (k). duration: 40 minutes."
Mandarin Chinese,https://www.shl.com/solutions/products/product-catalog/mandarin-chinese/,Chinese language proficiency and comprehension,Knowledge & Skills (K),No,Yes,45,Mandarin Chinese. Chinese language proficiency and comprehension. Test type: Knowledge & Skills (K). Duration: 45 minutes.,mandarin chinese. chinese language proficiency and comprehension. test type: knowledge & skills (k). duration: 45 minutes.
Japanese Language,https://www.shl.com/solutions/products/product-catalog/japanese-language/,Japanese grammar and language proficiency,Knowledge & Skills (K),No,Yes,45,Japanese Language. Japanese grammar and language proficiency. Test type: Knowledge & Skills (K). Duration: 45 minutes.,japanese language. japanese grammar and language proficiency. test type: knowledge & skills (k). duration: 45 minutes.
Arabic Language,https://www.shl.com/solutions/products/product-catalog/arabic-language/,Arabic language proficiency and comprehension,Knowledge & Skills (K),No,Yes,45,Arabic Language. Arabic language proficiency and comprehension. Test type: Knowledge & Skills (K). Duration: 45 minutes.,arabic language. arabic language proficiency and comprehension. test type: knowledge & skills (k). duration: 45 minutes.
Retail Management,https://www.shl.com/solutions/products/product-catalog/retail-management/,"Store operations, merchandising, and sales management",Knowledge & Skills (K),No,Yes,30,"Retail Management. Store operations, merchandising, and sales management. Test type: Knowledge & Skills (K). Duration: 30 minutes.","retail management. store operations, merchandising, and sales management. test type: knowledge & skills (k). duration: 30 minutes."
Restaurant Management,https://www.shl.com/solutions/products/product-catalog/restaurant-management/,Food service operations and hospitality,Knowledge & Skills (K),No,Yes,30,Restaurant Management. Food service operations and hospitality. Test type: Knowledge & Skills (K). Duration: 30 minutes.,restaurant management. food service operations and hospitality. test type: knowledge & skills (k). duration: 30 minutes.
Banking Operations,https://www.shl.com/solutions/products/product-catalog/view/bank-administrative-assistant-short-form/,"Banking procedures, products, and regulations",Knowledge & Skills (K),No,Yes,30,"Banking Operations. Banking procedures, products, and regulations. Test type: Knowledge & Skills (K). Duration: 30 minutes.","banking operations. banking procedures, products, and regulations. test type: knowledge & skills (k). duration: 30 minutes."
Insurance Knowledge,https://www.shl.com/solutions/products/product-catalog/insurance-knowledge/,"Insurance principles, products, and underwriting",Knowledge & Skills (K),No,Yes,30,"Insurance Knowledge. Insurance principles, products, and underwriting. Test type: Knowledge & Skills (K). Duration: 30 minutes.","insurance knowledge. insurance principles, products, and underwriting. test type: knowledge & skills (k). duration: 30 minutes."
Real Estate,https://www.shl.com/solutions/products/product-catalog/real-estate/,"Property transactions, law, and market knowledge",Knowledge & Skills (K),No,Yes,30,"Real Estate. Property transactions, law, and market knowledge. Test type: Knowledge & Skills (K). Duration: 30 minutes.","real estate. property transactions, law, and market knowledge. test type: knowledge & skills (k). duration: 30 minutes."
Construction Management,https://www.shl.com/solutions/products/product-catalog/construction-management/,Project management in construction industry,Knowledge & Skills (K),No,Yes,30,Construction Management. Project management in construction industry. Test type: Knowledge & Skills (K). Duration: 30 minutes.,construction management. project management in construction industry. test type: knowledge & skills (k). duration: 30 minutes.
Manufacturing Processes,https://www.shl.com/solutions/products/product-catalog/manufacturing-processes/,Production systems and quality control,Knowledge & Skills (K),No,Yes,30,Manufacturing Processes. Production systems and quality control. Test type: Knowledge & Skills (K). Duration: 30 minutes.,manufacturing processes. production systems and quality control. test type: knowledge & skills (k). duration: 30 minutes.
Logistics & Transportation,https://www.shl.com/solutions/products/product-catalog/logistics-and-transportation/,Transportation management and logistics,Knowledge & Skills (K),No,Yes,30,Logistics & Transportation. Transportation management and logistics. Test type: Knowledge & Skills (K). Duration: 30 minutes.,logistics & transportation. transportation management and logistics. test type: knowledge & skills (k). duration: 30 minutes.
Hospitality Management,https://www.shl.com/solutions/products/product-catalog/hospitality-management/,Hotel operations and guest services,Knowledge & Skills (K),No,Yes,30,Hospitality Management. Hotel operations and guest services. Test type: Knowledge & Skills (K). Duration: 30 minutes.,hospitality management. hotel operations and guest services. test type: knowledge & skills (k). duration: 30 minutes.
Event Planning,https://www.shl.com/solutions/products/product-catalog/event-planning/,"Event coordination, planning, and execution",Knowledge & Skills (K),No,Yes,30,"Event Planning. Event coordination, planning, and execution. Test type: Knowledge & Skills (K). Duration: 30 minutes.","event planning. event coordination, planning, and execution. test type: knowledge & skills (k). duration: 30 minutes."
Travel & Tourism,https://www.shl.com/solutions/products/product-catalog/travel-and-tourism/,Tourism industry knowledge and customer service,Knowledge & Skills (K),No,Yes,30,Travel & Tourism. Tourism industry knowledge and customer service. Test type: Knowledge & Skills (K). Duration: 30 minutes.,travel & tourism. tourism industry knowledge and customer service. test type: knowledge & skills (k). duration: 30 minutes.
Agriculture,https://www.shl.com/solutions/products/product-catalog/agriculture/,"Farming practices, agronomy, and agricultural science",Knowledge & Skills (K),No,Yes,30,"Agriculture. Farming practices, agronomy, and agricultural science. Test type: Knowledge & Skills (K). Duration: 30 minutes.","agriculture. farming practices, agronomy, and agricultural science. test type: knowledge & skills (k). duration: 30 minutes."
Veterinary Knowledge,https://www.shl.com/solutions/products/product-catalog/veterinary-knowledge/,Animal care and veterinary medicine,Knowledge & Skills (K),No,Yes,30,Veterinary Knowledge. Animal care and veterinary medicine. Test type: Knowledge & Skills (K). Duration: 30 minutes.,veterinary knowledge. animal care and veterinary medicine. test type: knowledge & skills (k). duration: 30 minutes.
Education & Teaching,https://www.shl.com/solutions/products/product-catalog/education-and-teaching/,Pedagogical methods and instructional design,Knowledge & Skills (K),No,Yes,30,Education & Teaching. Pedagogical methods and instructional design. Test type: Knowledge & Skills (K). Duration: 30 minutes.,education & teaching. pedagogical methods and instructional design. test type: knowledge & skills (k). duration: 30 minutes.
Library Science,https://www.shl.com/solutions/products/product-catalog/library-science/,Information management and library operations,Knowledge & Skills (K),No,Yes,30,Library Science. Information management and library operations. Test type: Knowledge & Skills (K). Duration: 30 minutes.,library science. information management and library operations. test type: knowledge & skills (k). duration: 30 minutes.
Social Work,https://www.shl.com/solutions/products/product-catalog/social-work/,"Counseling, case management, and social services",Knowledge & Skills (K),No,Yes,30,"Social Work. Counseling, case management, and social services. Test type: Knowledge & Skills (K). Duration: 30 minutes.","social work. counseling, case management, and social services. test type: knowledge & skills (k). duration: 30 minutes."
Public Administration,https://www.shl.com/solutions/products/product-catalog/public-administration/,Government operations and public policy,Knowledge & Skills (K),No,Yes,30,Public Administration. Government operations and public policy. Test type: Knowledge & Skills (K). Duration: 30 minutes.,public administration. government operations and public policy. test type: knowledge & skills (k). duration: 30 minutes.
Nonprofit Management,https://www.shl.com/solutions/products/product-catalog/nonprofit-management/,Nonprofit operations and fundraising,Knowledge & Skills (K),No,Yes,30,Nonprofit Management. Nonprofit operations and fundraising. Test type: Knowledge & Skills (K). Duration: 30 minutes.,nonprofit management. nonprofit operations and fundraising. test type: knowledge & skills (k). duration: 30 minutes.
Sports Management,https://www.shl.com/solutions/products/product-catalog/sports-management/,Sports business and athletic administration,Knowledge & Skills (K),No,Yes,30,Sports Management. Sports business and athletic administration. Test type: Knowledge & Skills (K). Duration: 30 minutes.,sports management. sports business and athletic administration. test type: knowledge & skills (k). duration: 30 minutes.
Entertainment Industry,https://www.shl.com/solutions/products/product-catalog/entertainment-industry/,"Media, entertainment business, and production",Knowledge & Skills (K),No,Yes,30,"Entertainment Industry. Media, entertainment business, and production. Test type: Knowledge & Skills (K). Duration: 30 minutes.","entertainment industry. media, entertainment business, and production. test type: knowledge & skills (k). duration: 30 minutes."
Workplace Safety,https://www.shl.com/solutions/products/product-catalog/workplace-safety/,OSHA standards and safety procedures,Knowledge & Skills (K),Yes,Yes,30,Workplace Safety. OSHA standards and safety procedures. Test type: Knowledge & Skills (K). Duration: 30 minutes.,workplace safety. osha standards and safety procedures. test type: knowledge & skills (k). duration: 30 minutes.
Environmental Compliance,https://www.shl.com/solutions/products/product-catalog/environmental-compliance/,Environmental regulations and sustainability,Knowledge & Skills (K),Yes,Yes,30,Environmental Compliance. Environmental regulations and sustainability. Test type: Knowledge & Skills (K). Duration: 30 minutes.,environmental compliance. environmental regulations and sustainability. test type: knowledge & skills (k). duration: 30 minutes.
Food Safety,https://www.shl.com/solutions/products/product-catalog/food-safety/,"Food handling, sanitation, and safety standards",Knowledge & Skills (K),Yes,Yes,30,"Food Safety. Food handling, sanitation, and safety standards. Test type: Knowledge & Skills (K). Duration: 30 minutes.","food safety. food handling, sanitation, and safety standards. test type: knowledge & skills (k). duration: 30 minutes."
Healthcare Compliance,https://www.shl.com/solutions/products/product-catalog/healthcare-compliance/,HIPAA and healthcare regulations,Knowledge & Skills (K),Yes,Yes,30,Healthcare Compliance. HIPAA and healthcare regulations. Test type: Knowledge & Skills (K). Duration: 30 minutes.,healthcare compliance. hipaa and healthcare regulations. test type: knowledge & skills (k). duration: 30 minutes.
Data Privacy,https://www.shl.com/solutions/products/product-catalog/data-privacy/,"GDPR, data protection, and privacy laws",Knowledge & Skills (K),Yes,Yes,30,"Data Privacy. GDPR, data protection, and privacy laws. Test type: Knowledge & Skills (K). Duration: 30 minutes.","data privacy. gdpr, data protection, and privacy laws. test type: knowledge & skills (k). duration: 30 minutes."
Information Security,https://www.shl.com/solutions/products/product-catalog/information-security/,"Security policies, procedures, and compliance",Knowledge & Skills (K),Yes,Yes,30,"Information Security. Security policies, procedures, and compliance. Test type: Knowledge & Skills (K). Duration: 30 minutes.","information security. security policies, procedures, and compliance. test type: knowledge & skills (k). duration: 30 minutes."
Ethics & Compliance,https://www.shl.com/solutions/products/product-catalog/ethics-and-compliance/,Corporate ethics and regulatory compliance,Knowledge & Skills (K),Yes,Yes,30,Ethics & Compliance. Corporate ethics and regulatory compliance. Test type: Knowledge & Skills (K). Duration: 30 minutes.,ethics & compliance. corporate ethics and regulatory compliance. test type: knowledge & skills (k). duration: 30 minutes.
Leadership,https://www.shl.com/solutions/products/product-catalog/leadership/,"Leadership style, decision-making, and team influence",Personality & Behavior (P),No,Yes,30,"Leadership. Leadership style, decision-making, and team influence. Test type: Personality & Behavior (P). Duration: 30 minutes.","leadership. leadership style, decision-making, and team influence. test type: personality & behavior (p). duration: 30 minutes."
Teamwork & Collaboration,https://www.shl.com/solutions/products/product-catalog/teamwork-and-collaboration/,"Team dynamics, cooperation, and interpersonal effectiveness",Personality & Behavior (P),No,Yes,30,"Teamwork & Collaboration. Team dynamics, cooperation, and interpersonal effectiveness. Test type: Personality & Behavior (P). Duration: 30 minutes.","teamwork & collaboration. team dynamics, cooperation, and interpersonal effectiveness. test type: personality & behavior (p). duration: 30 minutes."
Communication Skills,https://www.shl.com/solutions/products/product-catalog/communication-skills/,Verbal and written communication effectiveness,Personality & Behavior (P),No,Yes,30,Communication Skills. Verbal and written communication effectiveness. Test type: Personality & Behavior (P). Duration: 30 minutes.,communication skills. verbal and written communication effectiveness. test type: personality & behavior (p). duration: 30 minutes.
Emotional Intelligence,https://www.shl.com/solutions/products/product-catalog/emotional-intelligence/,"Self-awareness, empathy, and relationship management",Personality & Behavior (P),No,Yes,30,"Emotional Intelligence. Self-awareness, empathy, and relationship management. Test type: Personality & Behavior (P). Duration: 30 minutes.","emotional intelligence. self-awareness, empathy, and relationship management. test type: personality & behavior (p). duration: 30 minutes."
Adaptability,https://www.shl.com/solutions/products/product-catalog/adaptability/,"Flexibility, resilience, and change management",Personality & Behavior (P),No,Yes,30,"Adaptability. Flexibility, resilience, and change management. Test type: Personality & Behavior (P). Duration: 30 minutes.","adaptability. flexibility, resilience, and change management. test type: personality & behavior (p). duration: 30 minutes."
Problem Solving,https://www.shl.com/solutions/products/product-catalog/view/verify-ability-next-generation/,Analytical thinking and creative problem resolution,Personality & Behavior (P),No,Yes,30,Problem Solving. Analytical thinking and creative problem resolution. Test type: Personality & Behavior (P). Duration: 30 minutes.,problem solving. analytical thinking and creative problem resolution. test type: personality & behavior (p). duration: 30 minutes.
Critical Thinking,https://www.shl.com/solutions/products/product-catalog/critical-thinking/,"Logical reasoning, analysis, and judgment",Personality & Behavior (P),No,Yes,30,"Critical Thinking. Logical reasoning, analysis, and judgment. Test type: Personality & Behavior (P). Duration: 30 minutes.","critical thinking. logical reasoning, analysis, and judgment. test type: personality & behavior (p). duration: 30 minutes."
Decision Making,https://www.shl.com/solutions/products/product-catalog/decision-making/,"Decision quality, risk assessment, and judgment",Personality & Behavior (P),No,Yes,30,"Decision Making. Decision quality, risk assessment, and judgment. Test type: Personality & Behavior (P). Duration: 30 minutes.","decision making. decision quality, risk assessment, and judgment. test type: personality & behavior (p). duration: 30 minutes."
Conflict Resolution,https://www.shl.com/solutions/products/product-catalog/conflict-resolution/,Managing disagreements and finding solutions,Personality & Behavior (P),No,Yes,30,Conflict Resolution. Managing disagreements and finding solutions. Test type: Personality & Behavior (P). Duration: 30 minutes.,conflict resolution. managing disagreements and finding solutions. test type: personality & behavior (p). duration: 30 minutes.
Interpersonal Skills,https://www.shl.com/solutions/products/product-catalog/view/interpersonal-communications/,Social awareness and relationship building,Personality & Behavior (P),No,Yes,30,Interpersonal Skills. Social awareness and relationship building. Test type: Personality & Behavior (P). Duration: 30 minutes.,interpersonal skills. social awareness and relationship building. test type: personality & behavior (p). duration: 30 minutes.
Customer Service Orientation,https://www.shl.com/solutions/products/product-catalog/customer-service-orientation/,Customer focus and service excellence,Personality & Behavior (P),No,Yes,30,Customer Service Orientation. Customer focus and service excellence. Test type: Personality & Behavior (P). Duration: 30 minutes.,customer service orientation. customer focus and service excellence. test type: personality & behavior (p). duration: 30 minutes.
Sales Aptitude,https://www.shl.com/solutions/products/product-catalog/view/universal-sales-7-1/,"Sales skills, persuasion, and customer engagement",Personality & Behavior (P),No,Yes,30,"Sales Aptitude. Sales skills, persuasion, and customer engagement. Test type: Personality & Behavior (P). Duration: 30 minutes.","sales aptitude. sales skills, persuasion, and customer engagement. test type: personality & behavior (p). duration: 30 minutes."
Attention to Detail,https://www.shl.com/solutions/products/product-catalog/attention-to-detail/,"Accuracy, precision, and thoroughness",Personality & Behavior (P),No,Yes,30,"Attention to Detail. Accuracy, precision, and thoroughness. Test type: Personality & Behavior (P). Duration: 30 minutes.","attention to detail. accuracy, precision, and thoroughness. test type: personality & behavior (p). duration: 30 minutes."
Time Management,https://www.shl.com/solutions/products/product-catalog/time-management/,"Prioritization, planning, and efficiency",Personality & Behavior (P),No,Yes,30,"Time Management. Prioritization, planning, and efficiency. Test type: Personality & Behavior (P). Duration: 30 minutes.","time management. prioritization, planning, and efficiency. test type: personality & behavior (p). duration: 30 minutes."
Organizational Skills,https://www.shl.com/solutions/products/product-catalog/organizational-skills/,"Planning, coordination, and resource management",Personality & Behavior (P),No,Yes,30,"Organizational Skills. Planning, coordination, and resource management. Test type: Personality & Behavior (P). Duration: 30 minutes.","organizational skills. planning, coordination, and resource management. test type: personality & behavior (p). duration: 30 minutes."
Work Ethic,https://www.shl.com/solutions/products/product-catalog/work-ethic/,"Dependability, responsibility, and commitment",Personality & Behavior (P),No,Yes,30,"Work Ethic. Dependability, responsibility, and commitment. Test type: Personality & Behavior (P). Duration: 30 minutes.","work ethic. dependability, responsibility, and commitment. test type: personality & behavior (p). duration: 30 minutes."
Integrity,https://www.shl.com/solutions/products/product-catalog/integrity/,"Honesty, ethics, and trustworthiness",Personality & Behavior (P),No,Yes,30,"Integrity. Honesty, ethics, and trustworthiness. Test type: Personality & Behavior (P). Duration: 30 minutes.","integrity. honesty, ethics, and trustworthiness. test type: personality & behavior (p). duration: 30 minutes."
Initiative,https://www.shl.com/solutions/products/product-catalog/initiative/,"Proactivity, self-motivation, and drive",Personality & Behavior (P),No,Yes,30,"Initiative. Proactivity, self-motivation, and drive. Test type: Personality & Behavior (P). Duration: 30 minutes.","initiative. proactivity, self-motivation, and drive. test type: personality & behavior (p). duration: 30 minutes."
Creativity,https://www.shl.com/solutions/products/product-catalog/creativity/,"Innovation, original thinking, and idea generation",Personality & Behavior (P),No,Yes,30,"Creativity. Innovation, original thinking, and idea generation. Test type: Personality & Behavior (P). Duration: 30 minutes.","creativity. innovation, original thinking, and idea generation. test type: personality & behavior (p). duration: 30 minutes."
Stress Tolerance,https://www.shl.com/solutions/products/product-catalog/stress-tolerance/,Managing pressure and maintaining performance,Personality & Behavior (P),No,Yes,30,Stress Tolerance. Managing pressure and maintaining performance. Test type: Personality & Behavior (P). Duration: 30 minutes.,stress tolerance. managing pressure and maintaining performance. test type: personality & behavior (p). duration: 30 minutes.
Negotiation Skills,https://www.shl.com/solutions/products/product-catalog/negotiation-skills/,"Influencing, bargaining, and reaching agreements",Personality & Behavior (P),No,Yes,30,"Negotiation Skills. Influencing, bargaining, and reaching agreements. Test type: Personality & Behavior (P). Duration: 30 minutes.","negotiation skills. influencing, bargaining, and reaching agreements. test type: personality & behavior (p). duration: 30 minutes."
Presentation Skills,https://www.shl.com/solutions/products/product-catalog/presentation-skills/,Public speaking and professional presentation,Personality & Behavior (P),No,Yes,30,Presentation Skills. Public speaking and professional presentation. Test type: Personality & Behavior (P). Duration: 30 minutes.,presentation skills. public speaking and professional presentation. test type: personality & behavior (p). duration: 30 minutes.
Analytical Thinking,https://www.shl.com/solutions/products/product-catalog/analytical-thinking/,"Data analysis, logical reasoning, and insights",Personality & Behavior (P),No,Yes,30,"Analytical Thinking. Data analysis, logical reasoning, and insights. Test type: Personality & Behavior (P). Duration: 30 minutes.","analytical thinking. data analysis, logical reasoning, and insights. test type: personality & behavior (p). duration: 30 minutes."
Strategic Thinking,https://www.shl.com/solutions/products/product-catalog/strategic-thinking/,Long-term planning and vision,Personality & Behavior (P),No,Yes,30,Strategic Thinking. Long-term planning and vision. Test type: Personality & Behavior (P). Duration: 30 minutes.,strategic thinking. long-term planning and vision. test type: personality & behavior (p). duration: 30 minutes.
Cultural Awareness,https://www.shl.com/solutions/products/product-catalog/cultural-awareness/,Diversity appreciation and cross-cultural competence,Personality & Behavior (P),No,Yes,30,Cultural Awareness. Diversity appreciation and cross-cultural competence. Test type: Personality & Behavior (P). Duration: 30 minutes.,cultural awareness. diversity appreciation and cross-cultural competence. test type: personality & behavior (p). duration: 30 minutes.
Coaching & Mentoring,https://www.shl.com/solutions/products/product-catalog/coaching-and-mentoring/,Developing others and providing guidance,Personality & Behavior (P),No,Yes,30,Coaching & Mentoring. Developing others and providing guidance. Test type: Personality & Behavior (P). Duration: 30 minutes.,coaching & mentoring. developing others and providing guidance. test type: personality & behavior (p). duration: 30 minutes.
Delegation,https://www.shl.com/solutions/products/product-catalog/delegation/,Task assignment and empowerment,Personality & Behavior (P),No,Yes,30,Delegation. Task assignment and empowerment. Test type: Personality & Behavior (P). Duration: 30 minutes.,delegation. task assignment and empowerment. test type: personality & behavior (p). duration: 30 minutes.
Risk Taking,https://www.shl.com/solutions/products/product-catalog/risk-taking/,Calculated risk-taking and innovation,Personality & Behavior (P),No,Yes,30,Risk Taking. Calculated risk-taking and innovation. Test type: Personality & Behavior (P). Duration: 30 minutes.,risk taking. calculated risk-taking and innovation. test type: personality & behavior (p). duration: 30 minutes.
Persuasion,https://www.shl.com/solutions/products/product-catalog/persuasion/,Influencing and convincing others,Personality & Behavior (P),No,Yes,30,Persuasion. Influencing and convincing others. Test type: Personality & Behavior (P). Duration: 30 minutes.,persuasion. influencing and convincing others. test type: personality & behavior (p). duration: 30 minutes.
Assertiveness,https://www.shl.com/solutions/products/product-catalog/assertiveness/,Confident communication and boundary setting,Personality & Behavior (P),No,Yes,30,Assertiveness. Confident communication and boundary setting. Test type: Personality & Behavior (P). Duration: 30 minutes.,assertiveness. confident communication and boundary setting. test type: personality & behavior (p). duration: 30 minutes.
Empathy,https://www.shl.com/solutions/products/product-catalog/empathy/,Understanding and responding to others' feelings,Personality & Behavior (P),No,Yes,30,Empathy. Understanding and responding to others' feelings. Test type: Personality & Behavior (P). Duration: 30 minutes.,empathy. understanding and responding to others' feelings. test type: personality & behavior (p). duration: 30 minutes.
Listening Skills,https://www.shl.com/solutions/products/product-catalog/listening-skills/,Active listening and comprehension,Personality & Behavior (P),No,Yes,30,Listening Skills. Active listening and comprehension. Test type: Personality & Behavior (P). Duration: 30 minutes.,listening skills. active listening and comprehension. test type: personality & behavior (p). duration: 30 minutes.
Relationship Building,https://www.shl.com/solutions/products/product-catalog/relationship-building/,Networking and connection development,Personality & Behavior (P),No,Yes,30,Relationship Building. Networking and connection development. Test type: Personality & Behavior (P). Duration: 30 minutes.,relationship building. networking and connection development. test type: personality & behavior (p). duration: 30 minutes.
Trust Building,https://www.shl.com/solutions/products/product-catalog/trust-building/,Establishing credibility and reliability,Personality & Behavior (P),No,Yes,30,Trust Building. Establishing credibility and reliability. Test type: Personality & Behavior (P). Duration: 30 minutes.,trust building. establishing credibility and reliability. test type: personality & behavior (p). duration: 30 minutes.
Motivating Others,https://www.shl.com/solutions/products/product-catalog/motivating-others/,Inspiring and energizing team members,Personality & Behavior (P),No,Yes,30,Motivating Others. Inspiring and energizing team members. Test type: Personality & Behavior (P). Duration: 30 minutes.,motivating others. inspiring and energizing team members. test type: personality & behavior (p). duration: 30 minutes.
Change Management,https://www.shl.com/solutions/products/product-catalog/change-management/,Leading and adapting to organizational change,Personality & Behavior (P),No,Yes,30,Change Management. Leading and adapting to organizational change. Test type: Personality & Behavior (P). Duration: 30 minutes.,change management. leading and adapting to organizational change. test type: personality & behavior (p). duration: 30 minutes.
Innovation,https://www.shl.com/solutions/products/product-catalog/innovation/,Generating and implementing new ideas,Personality & Behavior (P),No,Yes,30,Innovation. Generating and implementing new ideas. Test type: Personality & Behavior (P). Duration: 30 minutes.,innovation. generating and implementing new ideas. test type: personality & behavior (p). duration: 30 minutes.
Business Acumen,https://www.shl.com/solutions/products/product-catalog/business-acumen/,Understanding business dynamics and strategy,Personality & Behavior (P),No,Yes,30,Business Acumen. Understanding business dynamics and strategy. Test type: Personality & Behavior (P). Duration: 30 minutes.,business acumen. understanding business dynamics and strategy. test type: personality & behavior (p). duration: 30 minutes.
Customer Relationship Management,https://www.shl.com/solutions/products/product-catalog/customer-relationship-management/,Building and maintaining client relationships,Personality & Behavior (P),No,Yes,30,Customer Relationship Management. Building and maintaining client relationships. Test type: Personality & Behavior (P). Duration: 30 minutes.,customer relationship management. building and maintaining client relationships. test type: personality & behavior (p). duration: 30 minutes.
Stakeholder Management,https://www.shl.com/solutions/products/product-catalog/stakeholder-management/,Managing expectations and relationships,Personality & Behavior (P),No,Yes,30,Stakeholder Management. Managing expectations and relationships. Test type: Personality & Behavior (P). Duration: 30 minutes.,stakeholder management. managing expectations and relationships. test type: personality & behavior (p). duration: 30 minutes.
Numerical Reasoning,https://www.shl.com/solutions/products/product-catalog/view/verify-numerical-ability/,Mathematical problem solving and data interpretation,Cognitive Ability (A),Yes,Yes,25,Numerical Reasoning. Mathematical problem solving and data interpretation. Test type: Cognitive Ability (A). Duration: 25 minutes.,numerical reasoning. mathematical problem solving and data interpretation. test type: cognitive ability (a). duration: 25 minutes.
Verbal Reasoning,https://www.shl.com/solutions/products/product-catalog/view/verbal-and-numerical-critical-reasoning-intermediate-general/,Language comprehension and logical arguments,Cognitive Ability (A),Yes,Yes,25,Verbal Reasoning. Language comprehension and logical arguments. Test type: Cognitive Ability (A). Duration: 25 minutes.,verbal reasoning. language comprehension and logical arguments. test type: cognitive ability (a). duration: 25 minutes.
Logical Reasoning,https://www.shl.com/solutions/products/product-catalog/logical-reasoning/,Pattern recognition and logical deduction,Cognitive Ability (A),Yes,Yes,25,Logical Reasoning. Pattern recognition and logical deduction. Test type: Cognitive Ability (A). Duration: 25 minutes.,logical reasoning. pattern recognition and logical deduction. test type: cognitive ability (a). duration: 25 minutes.
Abstract Reasoning,https://www.shl.com/solutions/products/product-catalog/abstract-reasoning/,Non-verbal problem solving and pattern analysis,Cognitive Ability (A),Yes,Yes,25,Abstract Reasoning. Non-verbal problem solving and pattern analysis. Test type: Cognitive Ability (A). Duration: 25 minutes.,abstract reasoning. non-verbal problem solving and pattern analysis. test type: cognitive ability (a). duration: 25 minutes.
Spatial Reasoning,https://www.shl.com/solutions/products/product-catalog/spatial-reasoning/,Visual-spatial problem solving and mental rotation,Cognitive Ability (A),Yes,Yes,25,Spatial Reasoning. Visual-spatial problem solving and mental rotation. Test type: Cognitive Ability (A). Duration: 25 minutes.,spatial reasoning. visual-spatial problem solving and mental rotation. test type: cognitive ability (a). duration: 25 minutes.
Mechanical Reasoning,https://www.shl.com/solutions/products/product-catalog/mechanical-reasoning/,Understanding mechanical principles and physics,Cognitive Ability (A),Yes,Yes,25,Mechanical Reasoning. Understanding mechanical principles and physics. Test type: Cognitive Ability (A). Duration: 25 minutes.,mechanical reasoning. understanding mechanical principles and physics. test type: cognitive ability (a). duration: 25 minutes.
Inductive Reasoning,https://www.shl.com/solutions/products/product-catalog/view/shl-verify-interactive-inductive-reasoning/,Pattern identification and rule discovery,Cognitive Ability (A),Yes,Yes,25,Inductive Reasoning. Pattern identification and rule discovery. Test type: Cognitive Ability (A). Duration: 25 minutes.,inductive reasoning. pattern identification and rule discovery. test type: cognitive ability (a). duration: 25 minutes.
Deductive Reasoning,https://www.shl.com/solutions/products/product-catalog/deductive-reasoning/,Applying rules and logical conclusions,Cognitive Ability (A),Yes,Yes,25,Deductive Reasoning. Applying rules and logical conclusions. Test type: Cognitive Ability (A). Duration: 25 minutes.,deductive reasoning. applying rules and logical conclusions. test type: cognitive ability (a). duration: 25 minutes.
Working Memory,https://www.shl.com/solutions/products/product-catalog/working-memory/,Information retention and mental manipulation,Cognitive Ability (A),Yes,Yes,25,Working Memory. Information retention and mental manipulation. Test type: Cognitive Ability (A). Duration: 25 minutes.,working memory. information retention and mental manipulation. test type: cognitive ability (a). duration: 25 minutes.
Processing Speed,https://www.shl.com/solutions/products/product-catalog/processing-speed/,Quick thinking and efficient task completion,Cognitive Ability (A),Yes,Yes,25,Processing Speed. Quick thinking and efficient task completion. Test type: Cognitive Ability (A). Duration: 25 minutes.,processing speed. quick thinking and efficient task completion. test type: cognitive ability (a). duration: 25 minutes.
Comprehension,https://www.shl.com/solutions/products/product-catalog/comprehension/,Understanding complex information and instructions,Cognitive Ability (A),Yes,Yes,25,Comprehension. Understanding complex information and instructions. Test type: Cognitive Ability (A). Duration: 25 minutes.,comprehension. understanding complex information and instructions. test type: cognitive ability (a). duration: 25 minutes.
Problem Solving Speed,https://www.shl.com/solutions/products/product-catalog/problem-solving-speed/,Rapid problem resolution and efficiency,Cognitive Ability (A),Yes,Yes,25,Problem Solving Speed. Rapid problem resolution and efficiency. Test type: Cognitive Ability (A). Duration: 25 minutes.,problem solving speed. rapid problem resolution and efficiency. test type: cognitive ability (a). duration: 25 minutes.
